Serial No.,GRE Score,TOEFL Score,University Rating,SOP,LOR,CGPA,Research,Chance of Admit
1,337.0,118.0,4.0,4.5,4.5,9.65,1,0.92
2,324.0,107.0,4.0,4.0,4.5,8.87,1,0.76
3,,104.0,3.0,3.0,3.5,8.0,1,0.72
4,322.0,110.0,3.0,3.5,2.5,8.67,1,0.8
5,314.0,103.0,2.0,2.0,3.0,8.21,0,0.65
6,330.0,115.0,5.0,4.5,3.0,9.34,1,0.9
7,321.0,109.0,,3.0,4.0,8.2,1,0.75
8,308.0,101.0,2.0,3.0,4.0,7.9,0,0.68
9,302.0,102.0,1.0,2.0,1.5,8.0,0,0.5
10,323.0,108.0,3.0,3.5,3.0,8.6,0,0.45
11,325.0,106.0,3.0,3.5,4.0,8.4,1,0.52
12,327.0,111.0,4.0,4.0,4.5,9.0,1,0.84
13,,112.0,4.0,4.0,4.5,9.1,1,0.78
14,307.0,109.0,3.0,4.0,3.0,8.0,1,0.62
15,311.0,104.0,3.0,3.5,2.0,8.2,1,0.61
16,314.0,105.0,3.0,3.5,2.5,8.3,0,0.54
17,317.0,107.0,3.0,4.0,3.0,8.7,0,0.66
18,319.0,106.0,3.0,4.0,3.0,8.0,1,0.65
19,318.0,110.0,3.0,4.0,3.0,8.8,0,0.63
20,303.0,102.0,3.0,3.5,3.0,8.5,0,0.62
21,312.0,107.0,3.0,3.0,2.0,7.9,1,0.64
22,325.0,114.0,4.0,3.0,2.0,8.4,0,0.7
23,328.0,116.0,5.0,5.0,5.0,9.5,1,0.94
24,,119.0,5.0,5.0,4.5,9.7,1,0.95
25,336.0,119.0,5.0,4.0,3.5,9.8,1,0.97
26,340.0,120.0,5.0,4.5,4.5,9.6,1,0.94
27,322.0,109.0,5.0,4.5,3.5,8.8,0,0.76
28,298.0,98.0,2.0,1.5,2.5,7.5,1,0.44
29,295.0,93.0,1.0,2.0,2.0,7.2,0,0.46
30,310.0,99.0,2.0,1.5,2.0,7.3,0,0.54
31,300.0,97.0,2.0,3.0,3.0,8.1,1,0.65
32,327.0,103.0,3.0,4.0,4.0,8.3,1,0.74
33,338.0,118.0,4.0,3.0,4.5,9.4,1,0.91
34,340.0,114.0,5.0,4.0,4.0,9.6,1,0.9
35,331.0,112.0,5.0,4.0,5.0,9.8,1,0.94
36,320.0,110.0,5.0,5.0,5.0,9.2,1,0.88
37,,106.0,2.0,4.0,4.0,8.4,0,0.64
38,300.0,105.0,1.0,1.0,2.0,7.8,0,0.58
39,304.0,105.0,1.0,3.0,1.5,7.5,0,0.52
40,307.0,108.0,2.0,4.0,3.5,7.7,0,0.48
41,308.0,110.0,3.0,3.5,3.0,8.0,1,0.46
42,316.0,105.0,2.0,2.5,2.5,8.2,1,0.49
43,313.0,107.0,2.0,2.5,2.0,8.5,1,0.53
44,332.0,117.0,4.0,4.5,4.0,9.1,0,0.87
45,326.0,113.0,5.0,4.5,4.0,9.4,1,0.91
46,322.0,110.0,,5.0,4.0,9.1,1,0.88
47,329.0,114.0,5.0,4.0,5.0,9.3,1,0.86
48,339.0,119.0,5.0,4.5,4.0,9.7,0,0.89
49,321.0,110.0,3.0,3.5,5.0,8.85,1,0.82
50,327.0,111.0,4.0,3.0,4.0,8.4,1,0.78
51,313.0,98.0,3.0,2.5,4.5,8.3,1,0.76
52,,100.0,2.0,1.5,3.5,7.9,1,0.56
53,334.0,116.0,4.0,4.0,3.0,8.0,1,0.78
54,324.0,112.0,4.0,4.0,2.5,8.1,1,0.72
55,322.0,110.0,3.0,3.0,3.5,8.0,0,0.7
56,320.0,103.0,3.0,3.0,3.0,7.7,0,0.64
57,316.0,102.0,3.0,2.0,3.0,7.4,0,0.64
58,298.0,,2.0,4.0,2.0,7.6,0,0.46
59,300.0,99.0,1.0,3.0,2.0,6.8,1,0.36
60,311.0,104.0,2.0,2.0,2.0,8.3,0,0.42
61,309.0,100.0,2.0,3.0,3.0,8.1,0,0.48
62,307.0,101.0,3.0,4.0,3.0,8.2,0,0.47
63,304.0,105.0,2.0,3.0,3.0,8.2,1,0.54
64,315.0,107.0,2.0,4.0,3.0,8.5,1,0.56
65,325.0,111.0,3.0,3.0,3.5,8.7,0,0.52
66,325.0,112.0,4.0,3.5,3.5,8.92,0,0.55
67,327.0,114.0,3.0,3.0,3.0,9.02,0,0.61
68,316.0,107.0,2.0,3.5,3.5,8.64,1,0.57
69,318.0,109.0,3.0,3.5,4.0,9.22,1,0.68
70,328.0,115.0,4.0,4.5,4.0,9.16,1,0.78
71,,118.0,5.0,5.0,5.0,9.64,1,0.94
72,336.0,112.0,5.0,5.0,5.0,9.76,1,0.96
73,321.0,111.0,5.0,5.0,5.0,9.45,1,0.93
74,314.0,108.0,4.0,4.5,4.0,9.04,1,0.84
75,314.0,106.0,3.0,3.0,5.0,8.9,0,0.74
76,329.0,114.0,2.0,2.0,4.0,8.56,1,0.72
77,327.0,112.0,3.0,3.0,3.0,8.72,1,0.74
78,301.0,99.0,2.0,3.0,2.0,8.22,0,0.64
79,296.0,95.0,2.0,3.0,2.0,7.54,1,0.44
80,294.0,93.0,1.0,1.5,2.0,7.36,0,0.46
81,312.0,105.0,3.0,2.0,3.0,8.02,1,0.5
82,340.0,120.0,4.0,5.0,5.0,9.5,1,0.96
83,320.0,110.0,5.0,5.0,4.5,9.22,1,0.92
84,322.0,115.0,5.0,4.0,4.5,9.36,1,0.92
85,340.0,115.0,5.0,4.5,4.5,9.45,1,0.94
86,319.0,103.0,,4.5,3.5,8.66,0,0.76
87,315.0,106.0,3.0,4.5,3.5,8.42,0,0.72
88,317.0,107.0,2.0,3.5,3.0,8.28,0,0.66
89,314.0,108.0,3.0,4.5,3.5,8.14,0,0.64
90,316.0,109.0,4.0,4.5,3.5,8.76,1,0.74
91,318.0,106.0,2.0,4.0,4.0,7.92,1,0.64
92,299.0,97.0,3.0,5.0,3.5,7.66,0,0.38
93,298.0,98.0,2.0,4.0,3.0,8.03,0,0.34
94,301.0,97.0,2.0,3.0,3.0,7.88,1,0.44
95,303.0,99.0,3.0,2.0,2.5,7.66,0,0.36
96,304.0,100.0,4.0,1.5,2.5,7.84,0,0.42
97,306.0,100.0,2.0,3.0,3.0,8.0,0,0.48
98,331.0,120.0,3.0,4.0,4.0,8.96,1,0.86
99,332.0,119.0,4.0,5.0,4.5,9.24,1,0.9
100,323.0,,3.0,4.0,4.0,8.88,1,0.79
101,322.0,107.0,3.0,3.5,3.5,8.46,1,0.71
102,312.0,105.0,2.0,2.5,3.0,8.12,0,0.64
103,314.0,106.0,2.0,4.0,3.5,8.25,0,0.62
104,317.0,104.0,2.0,4.5,4.0,8.47,0,0.57
105,326.0,112.0,3.0,3.5,3.0,9.05,1,0.74
106,316.0,110.0,3.0,4.0,4.5,8.78,1,0.69
107,329.0,111.0,4.0,4.5,4.5,9.18,1,0.87
108,338.0,117.0,4.0,3.5,4.5,9.46,1,0.91
109,331.0,116.0,5.0,5.0,5.0,9.38,1,0.93
110,304.0,103.0,5.0,5.0,4.0,8.64,0,0.68
111,305.0,108.0,5.0,3.0,3.0,8.48,0,0.61
112,321.0,109.0,4.0,4.0,4.0,8.68,1,0.69
113,301.0,107.0,3.0,3.5,3.5,8.34,1,0.62
114,320.0,110.0,2.0,4.0,3.5,8.56,0,0.72
115,311.0,105.0,3.0,3.5,3.0,8.45,1,0.59
116,310.0,106.0,4.0,4.5,4.5,9.04,1,0.66
117,299.0,102.0,3.0,4.0,3.5,8.62,0,0.56
118,290.0,104.0,4.0,2.0,2.5,7.46,0,0.45
119,296.0,99.0,2.0,3.0,3.5,7.28,0,0.47
120,327.0,104.0,5.0,3.0,3.5,8.84,1,0.71
121,335.0,117.0,5.0,5.0,5.0,9.56,1,0.94
122,334.0,119.0,5.0,4.5,4.5,9.48,1,0.94
123,310.0,106.0,4.0,1.5,2.5,8.36,0,0.57
124,308.0,108.0,,3.5,3.5,8.22,0,0.61
125,,106.0,4.0,2.5,3.0,8.47,0,0.57
126,300.0,100.0,3.0,2.0,3.0,8.66,1,0.64
127,323.0,113.0,3.0,4.0,3.0,9.32,1,0.85
128,319.0,112.0,3.0,2.5,2.0,8.71,1,0.78
129,326.0,112.0,3.0,3.5,3.0,9.1,1,0.84
130,333.0,118.0,5.0,5.0,5.0,9.35,1,0.92
131,339.0,114.0,5.0,4.0,4.5,9.76,1,0.96
132,303.0,105.0,5.0,5.0,4.5,8.65,0,0.77
133,309.0,105.0,5.0,3.5,3.5,8.56,0,0.71
134,323.0,112.0,5.0,4.0,4.5,8.78,0,0.79
135,333.0,113.0,5.0,4.0,4.0,9.28,1,0.89
136,314.0,,4.0,3.5,4.0,8.77,1,0.82
137,312.0,103.0,3.0,5.0,4.0,8.45,0,0.76
138,316.0,100.0,2.0,1.5,3.0,8.16,1,0.71
139,326.0,116.0,2.0,4.5,3.0,9.08,1,0.8
140,318.0,109.0,1.0,3.5,3.5,9.12,0,0.78
141,329.0,110.0,2.0,4.0,3.0,9.15,1,0.84
142,332.0,118.0,2.0,4.5,3.5,9.36,1,0.9
143,331.0,115.0,5.0,4.0,3.5,9.44,1,0.92
144,340.0,120.0,4.0,4.5,4.0,9.92,1,0.97
145,325.0,112.0,2.0,3.0,3.5,8.96,1,0.8
146,320.0,113.0,2.0,2.0,2.5,8.64,1,0.81
147,315.0,105.0,3.0,2.0,2.5,8.48,0,0.75
148,326.0,114.0,3.0,3.0,3.0,9.11,1,0.83
149,339.0,116.0,4.0,4.0,3.5,9.8,1,0.96
150,311.0,106.0,2.0,3.5,3.0,8.26,1,0.79
151,334.0,114.0,4.0,4.0,4.0,9.43,1,0.93
152,332.0,116.0,5.0,5.0,5.0,9.28,1,0.94
153,321.0,112.0,5.0,5.0,5.0,9.06,1,0.86
154,324.0,105.0,3.0,3.0,4.0,8.75,0,0.79
155,326.0,108.0,3.0,3.0,3.5,8.89,0,0.8
156,,109.0,3.0,3.0,3.0,8.69,0,0.77
157,315.0,105.0,3.0,2.0,2.5,8.34,0,0.7
158,309.0,104.0,2.0,2.0,2.5,8.26,0,0.65
159,306.0,106.0,2.0,2.0,2.5,8.14,0,0.61
160,297.0,100.0,1.0,1.5,2.0,7.9,0,0.52
161,315.0,103.0,1.0,1.5,2.0,7.86,0,0.57
162,298.0,99.0,1.0,1.5,3.0,7.46,0,0.53
163,318.0,109.0,3.0,3.0,3.0,8.5,0,0.67
164,317.0,105.0,3.0,3.5,3.0,8.56,0,0.68
165,329.0,111.0,4.0,4.5,4.0,9.01,1,0.81
166,322.0,110.0,5.0,4.5,4.0,8.97,0,0.78
167,302.0,102.0,3.0,3.5,5.0,8.33,0,0.65
168,313.0,102.0,3.0,2.0,3.0,8.27,0,0.64
169,293.0,97.0,2.0,2.0,4.0,7.8,1,0.64
170,311.0,99.0,2.0,2.5,3.0,7.98,0,0.65
171,312.0,101.0,2.0,2.5,3.5,8.04,1,0.68
172,334.0,117.0,5.0,4.0,4.5,9.07,1,0.89
173,322.0,,4.0,4.0,5.0,9.13,1,0.86
174,323.0,113.0,4.0,4.0,4.5,9.23,1,0.89
175,321.0,111.0,4.0,4.0,4.0,8.97,1,0.87
176,320.0,111.0,,4.5,3.5,8.87,1,0.85
177,329.0,119.0,4.0,4.5,4.5,9.16,1,0.9
178,319.0,110.0,3.0,3.5,3.5,9.04,0,0.82
179,309.0,108.0,3.0,2.5,3.0,8.12,0,0.72
180,307.0,102.0,3.0,3.0,3.0,8.27,0,0.73
181,300.0,104.0,3.0,3.5,3.0,8.16,0,0.71
182,305.0,107.0,2.0,2.5,2.5,8.42,0,0.71
183,,100.0,2.0,3.0,3.5,7.88,0,0.68
184,314.0,110.0,3.0,4.0,4.0,8.8,0,0.75
185,316.0,106.0,2.0,2.5,4.0,8.32,0,0.72
186,327.0,113.0,4.0,4.5,4.5,9.11,1,0.89
187,317.0,107.0,3.0,3.5,3.0,8.68,1,0.84
188,335.0,118.0,5.0,4.5,3.5,9.44,1,0.93
189,331.0,115.0,5.0,4.5,3.5,9.36,1,0.93
190,324.0,112.0,5.0,5.0,5.0,9.08,1,0.88
191,324.0,111.0,5.0,4.5,4.0,9.16,1,0.9
192,323.0,110.0,5.0,4.0,5.0,8.98,1,0.87
193,322.0,114.0,5.0,4.5,4.0,8.94,1,0.86
194,336.0,118.0,5.0,4.5,5.0,9.53,1,0.94
195,316.0,109.0,3.0,3.5,3.0,8.76,0,0.77
196,307.0,107.0,2.0,3.0,3.5,8.52,1,0.78
197,306.0,105.0,2.0,3.0,2.5,8.26,0,0.73
198,310.0,106.0,2.0,3.5,2.5,8.33,0,0.73
199,311.0,104.0,3.0,4.5,4.5,8.43,0,0.7
200,313.0,107.0,3.0,4.0,4.5,8.69,0,0.72
201,317.0,103.0,3.0,2.5,3.0,8.54,1,0.73
202,315.0,110.0,2.0,3.5,3.0,8.46,1,0.72
203,340.0,120.0,5.0,4.5,4.5,9.91,1,0.97
204,334.0,120.0,5.0,4.0,5.0,9.87,1,0.97
205,298.0,105.0,3.0,3.5,4.0,8.54,0,0.69
206,295.0,99.0,2.0,2.5,3.0,7.65,0,0.57
207,315.0,99.0,2.0,3.5,3.0,7.89,0,0.63
208,310.0,102.0,3.0,3.5,4.0,8.02,1,0.66
209,305.0,106.0,2.0,3.0,3.0,8.16,0,0.64
210,301.0,104.0,3.0,3.5,4.0,8.12,1,0.68
211,325.0,108.0,4.0,4.5,4.0,9.06,1,0.79
212,328.0,110.0,4.0,5.0,4.0,9.14,1,0.82
213,338.0,120.0,4.0,5.0,5.0,9.66,1,0.95
214,333.0,119.0,5.0,5.0,4.5,9.78,1,0.96
215,331.0,117.0,4.0,4.5,5.0,9.42,1,0.94
216,330.0,116.0,5.0,5.0,4.5,9.36,1,0.93
217,322.0,,4.0,4.5,4.5,9.26,1,0.91
218,321.0,109.0,4.0,4.0,4.0,9.13,1,0.85
219,,110.0,4.0,3.0,3.5,8.97,1,0.84
220,312.0,104.0,3.0,3.5,3.5,8.42,0,0.74
221,313.0,103.0,3.0,4.0,4.0,8.75,0,0.76
222,316.0,110.0,,3.5,4.0,8.56,0,0.75
223,324.0,113.0,4.0,4.5,4.0,8.79,0,0.76
224,308.0,109.0,2.0,3.0,4.0,8.45,0,0.71
225,305.0,105.0,2.0,3.0,2.0,8.23,0,0.67
226,296.0,99.0,2.0,2.5,2.5,8.03,0,0.61
227,306.0,110.0,2.0,3.5,4.0,8.45,0,0.63
228,312.0,110.0,2.0,3.5,3.0,8.53,0,0.64
229,318.0,112.0,3.0,4.0,3.5,8.67,0,0.71
230,324.0,111.0,4.0,3.0,3.0,9.01,1,0.82
231,313.0,104.0,3.0,4.0,4.5,8.65,0,0.73
232,319.0,106.0,3.0,3.5,2.5,8.33,1,0.74
233,312.0,107.0,2.0,2.5,3.5,8.27,0,0.69
234,304.0,100.0,2.0,2.5,3.5,8.07,0,0.64
235,330.0,113.0,5.0,5.0,4.0,9.31,1,0.91
236,326.0,111.0,5.0,4.5,4.0,9.23,1,0.88
237,325.0,112.0,4.0,4.0,4.5,9.17,1,0.85
238,329.0,114.0,5.0,4.5,5.0,9.19,1,0.86
239,310.0,104.0,3.0,2.0,3.5,8.37,0,0.7
240,299.0,100.0,1.0,1.5,2.0,7.89,0,0.59
241,296.0,101.0,1.0,2.5,3.0,7.68,0,0.6
242,317.0,103.0,2.0,2.5,2.0,8.15,0,0.65
243,324.0,115.0,3.0,3.5,3.0,8.76,1,0.7
244,325.0,114.0,3.0,3.5,3.0,9.04,1,0.76
245,314.0,107.0,2.0,2.5,4.0,8.56,0,0.63
246,328.0,110.0,4.0,4.0,2.5,9.02,1,0.81
247,316.0,105.0,3.0,3.0,3.5,8.73,0,0.72
248,311.0,104.0,2.0,2.5,3.5,8.48,0,0.71
249,324.0,110.0,,3.5,4.0,8.87,1,0.8
250,321.0,111.0,3.0,3.5,4.0,8.83,1,0.77
251,320.0,104.0,3.0,3.0,2.5,8.57,1,0.74
252,316.0,99.0,2.0,2.5,3.0,9.0,0,0.7
253,318.0,100.0,2.0,2.5,3.5,8.54,1,0.71
254,335.0,115.0,4.0,4.5,4.5,9.68,1,0.93
255,321.0,114.0,4.0,4.0,5.0,9.12,0,0.85
256,307.0,110.0,4.0,4.0,4.5,8.37,0,0.79
257,309.0,99.0,3.0,4.0,4.0,8.56,0,0.76
258,324.0,100.0,3.0,4.0,5.0,8.64,1,0.78
259,326.0,102.0,4.0,5.0,5.0,8.76,1,0.77
260,331.0,119.0,4.0,5.0,4.5,9.34,1,0.9
261,327.0,108.0,5.0,5.0,3.5,9.13,1,0.87
262,312.0,104.0,3.0,3.5,4.0,8.09,0,0.71
263,308.0,103.0,2.0,2.5,4.0,8.36,1,0.7
264,324.0,111.0,3.0,2.5,1.5,8.79,1,0.7
265,325.0,110.0,2.0,3.0,2.5,8.76,1,0.75
266,313.0,102.0,3.0,2.5,2.5,8.68,0,0.71
267,312.0,105.0,2.0,2.0,2.5,8.45,0,0.72
268,314.0,107.0,3.0,3.0,3.5,8.17,1,0.73
269,327.0,113.0,4.0,4.5,5.0,9.14,0,0.83
270,308.0,,4.0,4.5,5.0,8.34,0,0.77
271,306.0,105.0,2.0,2.5,3.0,8.22,1,0.72
272,299.0,96.0,2.0,1.5,2.0,7.86,0,0.54
273,294.0,95.0,1.0,1.5,1.5,7.64,0,0.49
274,312.0,99.0,1.0,1.0,1.5,8.01,1,0.52
275,315.0,100.0,1.0,2.0,2.5,7.95,0,0.58
276,322.0,110.0,3.0,3.5,3.0,8.96,1,0.78
277,329.0,113.0,5.0,5.0,4.5,9.45,1,0.89
278,320.0,101.0,2.0,2.5,3.0,8.62,0,0.7
279,308.0,103.0,2.0,3.0,3.5,8.49,0,0.66
280,,102.0,2.0,3.0,4.0,8.73,0,0.67
281,311.0,102.0,3.0,4.5,4.0,8.64,1,0.68
282,317.0,110.0,3.0,4.0,4.5,9.11,1,0.8
283,312.0,106.0,3.0,4.0,3.5,8.79,1,0.81
284,321.0,111.0,,2.5,3.0,8.9,1,0.8
285,340.0,112.0,4.0,5.0,4.5,9.66,1,0.94
286,331.0,116.0,5.0,4.0,4.0,9.26,1,0.93
287,336.0,118.0,5.0,4.5,4.0,9.19,1,0.92
288,324.0,114.0,5.0,5.0,4.5,9.08,1,0.89
289,314.0,104.0,4.0,5.0,5.0,9.02,0,0.82
290,313.0,109.0,3.0,4.0,3.5,9.0,0,0.79
291,307.0,105.0,2.0,2.5,3.0,7.65,0,0.58
292,300.0,102.0,2.0,1.5,2.0,7.87,0,0.56
293,302.0,99.0,2.0,1.0,2.0,7.97,0,0.56
294,312.0,98.0,1.0,3.5,3.0,8.18,1,0.64
295,316.0,101.0,2.0,2.5,2.0,8.32,1,0.61
296,317.0,100.0,2.0,3.0,2.5,8.57,0,0.68
297,310.0,107.0,3.0,3.5,3.5,8.67,0,0.76
298,320.0,120.0,3.0,4.0,4.5,9.11,0,0.86
299,330.0,114.0,3.0,4.5,4.5,9.24,1,0.9
300,305.0,112.0,3.0,3.0,3.5,8.65,0,0.71
301,309.0,106.0,2.0,2.5,2.5,8.0,0,0.62
302,319.0,108.0,2.0,2.5,3.0,8.76,0,0.66
303,322.0,105.0,2.0,3.0,3.0,8.45,1,0.65
304,323.0,107.0,3.0,3.5,3.5,8.55,1,0.73
305,313.0,106.0,2.0,2.5,2.0,8.43,0,0.62
306,321.0,109.0,3.0,3.5,3.5,8.8,1,0.74
307,323.0,110.0,3.0,4.0,3.5,9.1,1,0.79
308,325.0,112.0,4.0,4.0,4.0,9.0,1,0.8
309,312.0,108.0,3.0,3.5,3.0,8.53,0,0.69
310,308.0,,4.0,3.5,3.0,8.6,0,0.7
311,320.0,104.0,3.0,3.0,3.5,8.74,1,0.76
312,328.0,108.0,4.0,4.5,4.0,9.18,1,0.84
313,311.0,107.0,4.0,4.5,4.5,9.0,1,0.78
314,301.0,100.0,3.0,3.5,3.0,8.04,0,0.67
315,305.0,105.0,2.0,3.0,4.0,8.13,0,0.66
316,308.0,104.0,,2.5,3.0,8.07,0,0.65
317,298.0,101.0,2.0,1.5,2.0,7.86,0,0.54
318,300.0,99.0,1.0,1.0,2.5,8.01,0,0.58
319,324.0,111.0,3.0,2.5,2.0,8.8,1,0.79
320,327.0,113.0,4.0,3.5,3.0,8.69,1,0.8
321,317.0,106.0,3.0,4.0,3.5,8.5,1,0.75
322,323.0,104.0,3.0,4.0,4.0,8.44,1,0.73
323,314.0,107.0,2.0,2.5,4.0,8.27,0,0.72
324,305.0,102.0,2.0,2.0,2.5,8.18,0,0.62
325,315.0,104.0,3.0,3.0,2.5,8.33,0,0.67
326,326.0,116.0,3.0,3.5,4.0,9.14,1,0.81
327,299.0,100.0,3.0,2.0,2.0,8.02,0,0.63
328,295.0,101.0,2.0,2.5,2.0,7.86,0,0.69
329,324.0,112.0,4.0,4.0,3.5,8.77,1,0.8
330,297.0,96.0,2.0,2.5,1.5,7.89,0,0.43
331,327.0,113.0,3.0,3.5,3.0,8.66,1,0.8
332,311.0,105.0,2.0,3.0,2.0,8.12,1,0.73
333,308.0,106.0,3.0,3.5,2.5,8.21,1,0.75
334,319.0,108.0,3.0,3.0,3.5,8.54,1,0.71
335,312.0,107.0,4.0,4.5,4.0,8.65,1,0.73
336,325.0,111.0,4.0,4.0,4.5,9.11,1,0.83
337,319.0,110.0,3.0,3.0,2.5,8.79,0,0.72
338,332.0,118.0,5.0,5.0,5.0,9.47,1,0.94
339,,108.0,5.0,4.0,4.0,8.74,1,0.81
340,324.0,107.0,5.0,3.5,4.0,8.66,1,0.81
341,312.0,107.0,3.0,3.0,3.0,8.46,1,0.75
342,326.0,110.0,3.0,3.5,3.5,8.76,1,0.79
343,308.0,106.0,3.0,3.0,3.0,8.24,0,0.58
344,305.0,103.0,2.0,2.5,3.5,8.13,0,0.59
345,295.0,96.0,2.0,1.5,2.0,7.34,0,0.47
346,316.0,98.0,,1.5,2.0,7.43,0,0.49
347,304.0,97.0,2.0,1.5,2.0,7.64,0,0.47
348,299.0,94.0,1.0,1.0,1.0,7.34,0,0.42
349,302.0,99.0,1.0,2.0,2.0,7.25,0,0.57
350,313.0,101.0,3.0,2.5,3.0,8.04,0,0.62
351,318.0,107.0,3.0,3.0,3.5,8.27,1,0.74
352,325.0,110.0,4.0,3.5,4.0,8.67,1,0.73
353,303.0,100.0,2.0,3.0,3.5,8.06,1,0.64
354,300.0,102.0,3.0,3.5,2.5,8.17,0,0.63
355,297.0,98.0,2.0,2.5,3.0,7.67,0,0.59
356,317.0,,2.0,2.0,3.5,8.12,0,0.73
357,327.0,109.0,3.0,3.5,4.0,8.77,1,0.79
358,301.0,104.0,2.0,3.5,3.5,7.89,1,0.68
359,314.0,105.0,2.0,2.5,2.0,7.64,0,0.7
360,321.0,107.0,2.0,2.0,1.5,8.44,0,0.81
361,322.0,110.0,3.0,4.0,5.0,8.64,1,0.85
362,334.0,116.0,4.0,4.0,3.5,9.54,1,0.93
363,338.0,115.0,5.0,4.5,5.0,9.23,1,0.91
364,306.0,103.0,2.0,2.5,3.0,8.36,0,0.69
365,313.0,102.0,3.0,3.5,4.0,8.9,1,0.77
366,330.0,114.0,4.0,4.5,3.0,9.17,1,0.86
367,320.0,104.0,3.0,3.5,4.5,8.34,1,0.74
368,311.0,98.0,1.0,1.0,2.5,7.46,0,0.57
369,298.0,92.0,1.0,2.0,2.0,7.88,0,0.51
370,301.0,98.0,1.0,2.0,3.0,8.03,1,0.67
371,310.0,103.0,2.0,2.5,2.5,8.24,0,0.72
372,324.0,110.0,3.0,3.5,3.0,9.22,1,0.89
373,336.0,119.0,4.0,4.5,4.0,9.62,1,0.95
374,321.0,109.0,3.0,3.0,3.0,8.54,1,0.79
375,315.0,105.0,2.0,2.0,2.5,7.65,0,0.39
376,304.0,101.0,2.0,2.0,2.5,7.66,0,0.38
377,297.0,96.0,2.0,2.5,2.0,7.43,0,0.34
378,290.0,100.0,1.0,1.5,2.0,7.56,0,0.47
379,303.0,98.0,1.0,2.0,2.5,7.65,0,0.56
380,311.0,99.0,1.0,2.5,3.0,8.43,1,0.71
381,322.0,104.0,3.0,3.5,4.0,8.84,1,0.78
382,319.0,105.0,3.0,3.0,3.5,8.67,1,0.73
383,324.0,110.0,4.0,4.5,4.0,9.15,1,0.82
384,300.0,100.0,,3.0,3.5,8.26,0,0.62
385,340.0,113.0,4.0,5.0,5.0,9.74,1,0.96
386,335.0,117.0,5.0,5.0,5.0,9.82,1,0.96
387,302.0,101.0,2.0,2.5,3.5,7.96,0,0.46
388,307.0,105.0,2.0,2.0,3.5,8.1,0,0.53
389,296.0,97.0,2.0,1.5,2.0,7.8,0,0.49
390,320.0,108.0,3.0,3.5,4.0,8.44,1,0.76
391,314.0,102.0,2.0,2.0,2.5,8.24,0,0.64
392,318.0,106.0,3.0,2.0,3.0,8.65,0,0.71
393,326.0,112.0,4.0,4.0,3.5,9.12,1,0.84
394,317.0,104.0,2.0,3.0,3.0,8.76,0,0.77
395,329.0,111.0,4.0,4.5,4.0,9.23,1,0.89
396,324.0,110.0,3.0,3.5,3.5,9.04,1,0.82
397,325.0,107.0,3.0,3.0,3.5,9.11,1,0.84
398,330.0,116.0,4.0,5.0,4.5,9.45,1,0.91
399,312.0,103.0,3.0,3.5,4.0,8.78,0,0.67
400,333.0,117.0,4.0,5.0,4.0,9.66,1,0.95
401,304.0,100.0,2.0,3.5,3.0,8.22,0,0.63
402,315.0,105.0,2.0,3.0,3.0,8.34,0,0.66
403,324.0,109.0,3.0,3.5,3.0,8.94,1,0.78
404,330.0,116.0,4.0,4.0,3.5,9.23,1,0.91
405,311.0,101.0,3.0,2.0,2.5,7.64,1,0.62
406,302.0,99.0,3.0,2.5,3.0,7.45,0,0.52
407,322.0,103.0,4.0,3.0,2.5,8.02,1,0.61
408,298.0,100.0,3.0,2.5,4.0,7.95,1,0.58
409,297.0,101.0,3.0,2.0,4.0,7.67,1,0.57
410,300.0,98.0,1.0,2.0,2.5,8.02,0,0.61
411,301.0,96.0,1.0,3.0,4.0,7.56,0,0.54
412,313.0,94.0,2.0,2.5,1.5,8.13,0,0.56
413,314.0,102.0,4.0,2.5,2.0,7.88,1,0.59
414,317.0,101.0,,3.0,2.0,7.94,1,0.49
415,321.0,110.0,4.0,3.5,4.0,8.35,1,0.72
416,327.0,,4.0,4.0,4.5,8.75,1,0.76
417,315.0,104.0,3.0,4.0,2.5,8.1,0,0.65
418,316.0,103.0,3.0,3.5,2.0,7.68,0,0.52
419,,111.0,2.0,2.5,4.0,8.03,0,0.6
420,308.0,102.0,2.0,2.0,3.5,7.98,1,0.58
421,299.0,100.0,3.0,2.0,3.0,7.42,0,0.42
422,321.0,112.0,3.0,3.0,4.5,8.95,1,0.77
423,322.0,112.0,4.0,3.5,2.5,9.02,1,0.73
424,334.0,119.0,5.0,4.5,5.0,9.54,1,0.94
425,325.0,114.0,5.0,4.0,5.0,9.46,1,0.91
426,323.0,111.0,5.0,4.0,5.0,9.86,1,0.92
427,312.0,106.0,3.0,3.0,5.0,8.57,0,0.71
428,310.0,101.0,3.0,3.5,5.0,8.65,1,0.71
429,316.0,103.0,2.0,2.0,4.5,8.74,0,0.69
430,340.0,115.0,5.0,5.0,4.5,9.06,1,0.95
431,311.0,104.0,3.0,4.0,3.5,8.13,1,0.74
432,320.0,112.0,2.0,3.5,3.5,8.78,1,0.73
433,324.0,112.0,4.0,4.5,4.0,9.22,1,0.86
434,316.0,111.0,4.0,4.0,5.0,8.54,0,0.71
435,306.0,103.0,3.0,3.5,3.0,8.21,0,0.64
436,309.0,105.0,2.0,2.5,4.0,7.68,0,0.55
437,310.0,110.0,1.0,1.5,4.0,7.23,1,0.58
438,317.0,106.0,1.0,1.5,3.5,7.65,1,0.61
439,318.0,110.0,,2.5,3.5,8.54,1,0.67
440,312.0,105.0,2.0,1.5,3.0,8.46,0,0.66
441,305.0,104.0,2.0,2.5,1.5,7.79,0,0.53
442,332.0,112.0,1.0,1.5,3.0,8.66,1,0.79
443,331.0,116.0,4.0,4.5,4.5,9.44,1,0.92
444,321.0,114.0,5.0,4.5,4.5,9.16,1,0.87
445,324.0,113.0,5.0,4.0,5.0,9.25,1,0.92
446,328.0,116.0,5.0,4.5,5.0,9.08,1,0.91
447,327.0,118.0,4.0,5.0,5.0,9.67,1,0.93
448,320.0,108.0,3.0,3.5,5.0,8.97,1,0.84
449,312.0,109.0,2.0,2.5,4.0,9.02,0,0.8
450,315.0,101.0,3.0,3.5,4.5,9.13,0,0.79
451,320.0,112.0,4.0,3.0,4.5,8.86,1,0.82
452,324.0,113.0,4.0,4.5,4.5,9.25,1,0.89
453,328.0,116.0,4.0,5.0,3.5,9.6,1,0.93
454,319.0,103.0,3.0,2.5,4.0,8.76,1,0.73
455,,105.0,2.0,3.0,3.5,8.01,0,0.71
456,305.0,102.0,2.0,1.5,2.5,7.64,0,0.59
457,299.0,100.0,2.0,2.0,2.0,7.88,0,0.51
458,295.0,99.0,1.0,2.0,1.5,7.57,0,0.37
459,312.0,100.0,1.0,3.0,3.0,8.53,1,0.69
460,329.0,113.0,4.0,4.0,3.5,9.36,1,0.89
461,319.0,105.0,4.0,4.0,4.5,8.66,1,0.77
462,301.0,102.0,3.0,2.5,2.0,8.13,1,0.68
463,307.0,105.0,4.0,3.0,3.0,7.94,0,0.62
464,304.0,107.0,3.0,3.5,3.0,7.86,0,0.57
465,298.0,97.0,,2.0,3.0,7.21,0,0.45
466,305.0,96.0,4.0,3.0,4.5,8.26,0,0.54
467,314.0,99.0,4.0,3.5,4.5,8.73,1,0.71
468,318.0,101.0,5.0,3.5,5.0,8.78,1,0.78
469,323.0,110.0,4.0,4.0,5.0,8.88,1,0.81
470,326.0,114.0,4.0,4.0,3.5,9.16,1,0.86
471,320.0,110.0,5.0,4.0,4.0,9.27,1,0.87
472,311.0,103.0,3.0,2.0,4.0,8.09,0,0.64
473,327.0,116.0,4.0,4.0,4.5,9.48,1,0.9
474,316.0,102.0,2.0,4.0,3.5,8.15,0,0.67
475,308.0,105.0,4.0,3.0,2.5,7.95,1,0.67
476,300.0,101.0,3.0,3.5,2.5,7.88,0,0.59
477,304.0,104.0,3.0,2.5,2.0,8.12,0,0.62
478,309.0,105.0,4.0,3.5,2.0,8.18,0,0.65
479,318.0,103.0,3.0,4.0,4.5,8.49,1,0.71
480,325.0,110.0,4.0,4.5,4.0,8.96,1,0.79
481,321.0,102.0,3.0,3.5,4.0,9.01,1,0.8
482,323.0,107.0,4.0,3.0,2.5,8.48,1,0.78
483,328.0,113.0,4.0,4.0,2.5,8.77,1,0.83
484,304.0,103.0,5.0,5.0,3.0,7.92,0,0.71
485,317.0,106.0,3.0,3.5,3.0,7.89,1,0.73
486,311.0,,2.0,2.5,3.5,8.34,1,0.7
487,319.0,102.0,,2.5,2.5,8.37,0,0.68
488,327.0,115.0,4.0,3.5,4.0,9.14,0,0.79
489,322.0,112.0,3.0,3.0,4.0,8.62,1,0.76
490,,110.0,3.0,4.0,4.5,8.5,0,0.65
491,307.0,105.0,2.0,2.5,4.5,8.12,1,0.67
492,297.0,99.0,4.0,3.0,3.5,7.81,0,0.54
493,298.0,101.0,4.0,2.5,4.5,7.69,1,0.53
494,300.0,95.0,2.0,3.0,1.5,8.22,1,0.62
495,301.0,99.0,3.0,2.5,2.0,8.45,1,0.68
496,332.0,108.0,5.0,4.5,4.0,9.02,1,0.87
497,337.0,117.0,5.0,5.0,5.0,9.87,1,0.96
498,330.0,120.0,5.0,4.5,5.0,9.56,1,0.93
499,312.0,103.0,4.0,4.0,5.0,8.43,0,0.73
500,327.0,113.0,4.0,4.5,4.5,9.04,0,0.84
